"date","yearDead","yearBorn","Name","description"
"138-1-1","138","101","Lucio Elio César"," César romano "
"379-1-1","379","330","San Basilio"," obispo católico turco "
"1387-1-1","1387","1332","Carlos II de Navarra"," rey de Navarra y conde de Évreux "
"1449-1-1","1449","-1","Janin Lomme de Tournai","El 1 de enero de 1449 muere Janin Lomme de Tournai, arquitecto y escultor hispano-flamenco."
"1515-1-1","1515","1462","Luis XII"," rey francés entre 1498 y 1515 "
"1617-1-1","1617","1558","Hendrick Goltzius"," pintor y grabador flamenco "
"1696-1-1","1696","1724","Francisca Drummond de Melfort y Wallace"," aristócrata británica "
"1701-1-1","1701","1636","Pietro Sammartini"," organista y compositor italiano "
"1716-1-1","1716","1641","Maria Casimira Luisa de la Grange d'Arquien"," consorte del Rey de Polonia Juan III Sobieski "
"1748-1-1","1748","1667","Johann Bernoulli"," matemático suizo "
"1766-1-1","1766","1688","Jacobo Eduardo Estuardo"," pretendiente al trono inglés "
"1800-1-1","1800","1716","Louis Jean Marie Daubenton"," médico y naturalista francés "
"1817-1-1","1817","1743","Martin Heinrich Klaproth"," químico alemán "
"1824-1-1","1824","1745","Vicente Strambi"," religioso italiano "
"1829-1-1","1829","1795","Pedro Blanco Soto"," militar y político boliviano, presidente entre 1828 y 1829 "
"1843-1-1","1843","1783","Gregorio Cordovez"," político chileno "
"1868-1-1","1868","1790","Rosa Merino"," artista peruana "
"1894-1-1","1894","1857","Heinrich Rudolf Hertz"," físico alemán "
"1897-1-1","1897","1867","Adolfo Caminha"," escritor brasileño "
"1912-1-1","1912","1867","Cleto Zavala"," compositor español "
"1918-1-1","1918","1837","Hormiga Negra"," gaucho argentino "
"1937-1-1","1937","1874","Bhaktisiddhanta"," religioso hinduista bengalí "
"1953-1-1","1953","1923","Hank Williams"," cantante y compositor de música country estadounidense "
"1954-1-1","1954","1879","José Millán-Astray"," militar español "
"1958-1-1","1958","1886","Edward Weston"," fotógrafo estadounidense "
"1962-1-1","1962","1885","Gregorio Morales Sánchez"," profesor, militar y político mexicano "
"1962-1-1","1962","1883","Diego Martínez Barrio"," político republicano español, presidente en 1936 "
"1965-1-1","1965","1901","Mariano Picón Salas"," escritor, diplomático y académico venezolano "
"1968-1-1","1968","1882","Enrique Ferrarese"," constructor y empresario ítaloargentino "
"1969-1-1","1969","1919","Micheline Francey"," actriz francesa "
"1972-1-1","1972","1888","Maurice Chevalier"," cantante y actor francés "
"1972-1-1","1972","1929","Luis Banchero Rossi"," empresario peruano "
"1975-1-1","1975","1882","Kyusaku Ogino"," ginecólogo japonés "
"1980-1-1","1980","1891","Pietro Nenni"," político italiano "
"1982-1-1","1982","1938","Victor Buono"," actor estadounidense "
"1985-1-1","1985","1893","José Artés de Arcos"," empresario español "
"1985-1-1","1985","189011","Eulalia Guzmán Barrón"," profesora y arqueóloga mexicana "
"1986-1-1","1986","1924","Bruce Norris"," directivo de hockey sobre hielo estadounidense "
"1992-1-1","1992","1906","Grace Murray Hopper"," militar estadounidense "
"1994-1-1","1994","1907","César Romero"," actor estadounidense "
"1994-1-1","1994","1914","E. A. Thompson"," historiador británico "
"1995-1-1","1995","1902","Eugene Paul Wigner"," científico húngaro, premio nobel de física en 1963 "
"1996-1-1","1996","1905","Leopoldo Benites"," diplomático ecuatoriano "
"1997-1-1","1997","1944","Townes Van Zandt"," cantautor estadounidense "
"1998-1-1","1998","1913","Haxhi Lleshi"," político albanés "
"2000-1-1","2000","1977","Sandro Baylón"," futbolista peruano "
"2000-1-1","2000","1899","Arthur Lehning"," anarquista neerlandés "
"2001-1-1","2001","1914","Ray Walston"," actor estadounidense "
"2003-1-1","2003","1902","Alicio Garcitoral"," escritor y político español "
"2004-1-1","2004","1937","Manuel Félix López"," político ecuatoriano "
"2005-1-1","2005","1938","Eugene J. Martin"," pintor estadounidense "
"2007-1-1","2007","1936","Werner Hollweg"," tenor alemán "
"2007-1-1","2007","1982","Darrent Williams"," jugador de fútbol americano estadounidense "
"2009-1-1","2009","1924","Johannes Mario Simmel"," escritor austriaco "
"2010-1-1","2010","1972","Lhasa de Sela"," cantante mexicano-estadounidense "
"2011-1-1","2011","1925","Marin Constantin"," músico, director de orquesta y compositor rumano "
"2011-1-1","2011","1927","Jiaser"," historietista español "
"2012-1-1","2012","1949","Carlos Ernesto Soria"," político argentino "
"2012-1-1","2012","1925","Nina Miranda"," cantante uruguaya "
"2012-1-1","2012","1924","Hermann Guggiari"," escultor paraguayo "
"2012-1-1","2012","1973","Jorge Andrés Martínez Boero"," piloto de motociclismo argentino "
"2012-1-1","2012","1925","Yafa Yarkoni"," cantante israelí "
"2012-1-1","2012","1917","Kiro Gligorov"," político macedonio "
"2012-1-1","2012","1932","Diozel Pérez"," periodista chileno "
"2013-1-1","2013","1918","Lloyd Hartman Elliott"," educador estadounidense "
"2013-1-1","2013","1945","Christopher Martin-Jenkins"," periodista británico de cricket "
"2013-1-1","2013","1933","Mojtaba Tehrani"," marja' "
"2013-1-1","2013","1926","Marian Wantoła"," dibujante polaco "
"2014-1-1","2014","1914","Juanita Moore"," actriz de cine, televisión y teatro estadounidense "
"2015-1-1","2015","1932","Donna Douglas"," actriz estadounidense "
"2015-1-1","2015","1929","Ninón Sevilla"," actriz, bailarina y cantante mexicana de origen cubano "
"2015-1-1","2015","1956","Manuel Alberto León"," caricaturista e historietista mexicano "
"2015-1-1","2015","1934","Omar Karami"," político libanés "
"2015-1-1","2015","1950","Boris Morukov"," astronauta ruso "
"2015-1-1","2015","1932","Mario Cuomo"," político estadounidense "
"2016-1-1","2016","1932","Fazu Alieva"," escritora rusa "
"2016-1-1","2016","1926","Antonio Carrizo"," periodista, locutor y animador argentino "
"2017-1-1","2017","1937","Memo Morales"," cantante venezolano "
"2019-1-1","2019","1954","Pegi Young"," cantante estadounidense "
"2020-1-1","2020","1942","David Stern"," abogado estadounidense "
"2022-1-1","2022","1938","Calisto Tanzi"," empresario y estafador italiano "
"772-2-1","772","720","Esteban III"," papa romano "
"850-2-1","850","790","Ramiro I"," rey asturiano "
"1248-2-1","1248","1207","Enrique II de Brabante"," aristócrata neerlandés "
"1328-2-1","1328","1294","Carlos IV de Francia y I de Navarra"," rey francés "
"1542-2-1","1542","1480","Girolamo Aleandro"," cardenal italiano "
"1691-2-1","1691","1610","Alejandro VIII"," papa italiano "
"1733-2-1","1733","1670","Augusto II el Fuerte"," rey polaco "
"1761-2-1","1761","1682","Pierre François Xavier de Charlevoix"," historiador francés "
"1767-2-1","1767","1697","Claude Pierre Goujet"," religioso y escritor francés "
"1782-2-1","1782","1741","José Antonio Galán"," prócer neogranadino del siglo XVIII "
"1818-2-1","1818","1743","Giuseppe Gazzaniga"," compositor italiano "
"1851-2-1","1851","1797","Mary Shelley"," escritora británica "
"1871-2-1","1871","1820","Alexander Serov"," compositor ruso "
"1873-2-1","1873","1814","Gertrudis Gómez de Avellaneda"," poetisa, novelista y dramaturga cubana "
"1875-2-1","1875","1816","William Sterndale Bennett"," compositor británico "
"1886-2-1","1886","1796","Juan Esteban Pedernera"," militar argentino "
"1890-2-1","1890","1833","Inocencio María Yéregui"," obispo español "
"1897-2-1","1897","1826","Constantin von Ettingshausen"," geólogo austríaco "
"1902-2-1","1902","1847","Aníbal Zañartu"," político chileno "
"1903-2-1","1903","1819","George Gabriel Stokes"," físico irlandés "
"1908-2-1","1908","1863","Carlos I"," rey portugués "
"1908-2-1","1908","1887","Luis Felipe de Braganza"," aristócrata portugués "
"1917-2-1","1917","1838","Máximo Rosenstock Sube"," político chileno "
"1922-2-1","1922","1838","Yamagata Aritomo"," militar japonés "
"1922-2-1","1922","1872","William Desmond Taylor"," actor y director estadounidense "
"1932-2-1","1932","1893","Farabundo Martí"," político revolucionario salvadoreño "
"1936-2-1","1936","1878","Georgios Kondilis"," político y general griego "
"1938-2-1","1938","1853","Armando Palacio Valdés"," escritor español "
"1944-2-1","1944","1872","Piet Mondrian"," pintor neerlandés "
"1944-2-1","1944","1877","Michel-Dimitri Calvocoressi"," escritor y crítico musical francés "
"1945-2-1","1945","1895","Cirilo de Bulgaria"," aristócrata búlgaro "
"1953-2-1","1953","1876","Antonio Goicoechea y Cosculluela"," político español "
"1957-2-1","1957","1890","Friedrich Paulus"," general alemán "
"1958-2-1","1958","1881","Clinton Davisson"," físico estadounidense, premio Nobel de Física en 1937 "
"1962-2-1","1962","1881","Moisés de Huerta"," escultor español "
"1965-2-1","1965","1911","Roberto Quiroga"," cantante de tango y actor argentino "
"1966-2-1","1966","1885","Hedda Hopper"," actriz y columnista estadounidense "
"1966-2-1","1966","1895","Buster Keaton"," actor y cineasta cómico estadounidense "
"1970-2-1","1970","1921","Alfréd Rényi"," matemático húngaro "
"1976-2-1","1976","1901","Werner Heisenberg"," físico alemán, premio nobel de Física en 1932 "
"1976-2-1","1976","1878","George Hoyt Whipple"," médico estadounidense, premio nobel de Medicina en 1934 "
"1978-2-1","1978","1937","Jorge Cafrune"," cantautor argentino "
"1980-2-1","1980","1950","Gregorio Iujá-Yoná"," campesino maya guatemalteco, torturado hasta morir "
"1980-2-1","1980","1930","Gastone Nencini"," ciclista italiano "
"1984-2-1","1984","1899","Pepita Muñoz"," actriz argentina "
"1986-2-1","1986","1905","Melchor Centeno Vallenilla"," inventor venezolano "
"1986-2-1","1986","1902","Alva Myrdal"," política sueca, premio nobel de la Paz en 1982 "
"1987-2-1","1987","1900","Alessandro Blasetti"," cineasta italiano "
"1988-2-1","1988","1975","Heather O'Rourke"," actriz estadounidense, protagonista de Poltergeist "
"1989-2-1","1989","1918","Elaine de Kooning"," pintora estadounidense "
"1989-2-1","1989","1945","Eduardo Franco"," cantante uruguayo "
"1989-2-1","1989","1911","Miguel Ligero"," actor argentino "
"1990-2-1","1990","1923","Antonio Ubieto Arteta"," historiador y filólogo español "
"1990-2-1","1990","1936","Serguéi Aleshkov"," abogado y militar soviético "
"1991-2-1","1991","1901","Carol Dempster"," actriz estadounidense "
"1992-2-1","1992","1909","Jean Hamburger"," médico y ensayista francés "
"1994-2-1","1994","1929","Orlando Marconi"," actor, periodista y presentador de televisión argentino "
"1995-2-1","1995","1967","Richey James Edwards"," letrista y guitarrista, de la banda Manic Street Preachers "
"1995-2-1","1995","1904","Joaquín de Entrambasaguas"," filólogo español "
"1995-2-1","1995","1941","Jaume Perich"," dibujante y humorista español "
"1997-2-1","1997","1916","Herb Caen"," periodista estadounidense "
"1999-2-1","1999","1906","Alejandro Galindo"," cineasta mexicano "
"1999-2-1","1999","1907","Paul Mellon"," filántropo estadounidense "
"1999-2-1","1999","1919","Augusto Ferrando"," locutor de carrera hípica y animador peruano "
"2000-2-1","2000","1949","Pablo Calvo"," actor infantil español "
"2001-2-1","2001","1908","Rafael Lapesa"," lingüista y académico español "
"2002-2-1","2002","1925","Hildegard Knef"," actriz, cantante y escritora alemana "
"2003-2-1","2003","1959","Tripulantes durante el accidente del transbordador espacial Columbia: Michael P. Anderson"," físico y astrónomo estadounidense "
"2003-2-1","2003","1914","Adalberto Ortiz"," novelista, poeta y diplomático ecuatoriano "
"2006-2-1","2006","1926","Luis Alberto Costales"," escritor y político ecuatoriano "
"2007-2-1","2007","1911","Gian Carlo Menotti"," compositor ítalo-estadounidense "
"2009-2-1","2009","1922","Lukas Foss"," compositor y director de orquesta alemán "
"2010-2-1","2010","1943","Rodolfo de Anda"," actor y cineasta mexicano "
"2010-2-1","2010","1916","David Brown"," productor de cine estadounidense "
"2012-2-1","2012","1936","Don Cornelius"," productor de televisión estadounidense "
"2012-2-1","2012","1923","Wisława Szymborska"," poetisa polaca, premio nobel de Literatura en 1996 "
"2013-2-1","2013","1924","Ed Koch"," político estadounidense "
"2014-2-1","2014","1938","Luis Aragonés"," jugador y entrenador de fútbol español "
"2014-2-1","2014","1930","Maximilian Schell"," actor y director austríaco "
"2016-2-1","2016","1930","Óscar Mejía Víctores"," militar guatemalteco, presidente de Guatemala entre 1983 y 1986 "
"2017-2-1","2017","1932","Étienne Tshisekedi"," político congoleño "
"2018-2-1","2018","1949","Fidel Castro Díaz-Balart"," físico nuclear cubano "
"2019-2-1","2019","1961","Jeremy Hardy"," comediante británico "
"2021-2-1","2021","1977","Dustin Diamond"," actor estadounidense "
"2022-2-1","2022","1919","Lotfollah Safi Golpaygani"," gran ayatolá iraní "
"2022-2-1","2022","1940","Paolo Graziosi"," actor de cine y teatro italiano "
"589-3-1","589","500","San David"," religioso galés, patrón de ese país "
"965-3-1","965","-1","León VIII","El 1 de marzo de 965 muere León VIII, papa italiano."
"991-3-1","991","959","En'yū Tennō"," emperador japonés "
"1131-3-1","1131","1101","Esteban II"," rey húngaro "
"1233-3-1","1233","1178","Tomás I de Saboya"," aristócrata francés "
"1383-3-1","1383","1334","Amadeo VI de Saboya"," aristócrata francés "
"1510-3-1","1510","1450","Francisco de Almeida"," soldado y explorador portugués "
"1536-3-1","1536","1465","Bernardo Accolti"," poeta italiano "
"1620-3-1","1620","1567","Thomas Campion"," poeta y compositor inglés "
"1633-3-1","1633","1593","George Herbert"," poeta, orador y sacerdote inglés "
"1643-3-1","1643","1583","Girolamo Frescobaldi"," compositor y pianista italiano "
"1697-3-1","1697","1626","Francesco Redi"," físico italiano "
"1768-3-1","1768","1694","Hermann Samuel Reimarus"," filósofo y escritor alemán "
"1773-3-1","1773","1700","Luigi Vanvitelli"," arquitecto italiano "
"1777-3-1","1777","1715","Georg Christoph Wagenseil"," compositor austríaco "
"1792-3-1","1792","1747","Leopoldo II de Austria"," emperador del Sacro Imperio Romano "
"1793-3-1","1793","1746","Ramón Bayeu"," pintor español "
"1833-3-1","1833","1768","Maurice Mathieu"," general francés "
"1836-3-1","1836","1789","Miguel Barragán"," militar y político mexicano "
"1841-3-1","1841","1764","Claude-Victor Perrin"," mariscal francés "
"1862-3-1","1862","1776","Peter Barlow"," matemático británico "
"1863-3-1","1863","1799","Manuel María de Llano"," médico, político y periodista mexicano "
"1870-3-1","1870","1824","Francisco Solano López"," presidente paraguayo "
"1875-3-1","1875","1845","Tristan Corbière"," poeta francés "
"1882-3-1","1882","1818","Theodor Kullak"," pianista y compositor alemán "
"1884-3-1","1884","1820","Isaac Todhunter"," matemático británico "
"1895-3-1","1895","1876","Pauline Musters"," enana neerlandesa "
"1904-3-1","1904","1845","Augusto González de Linares"," geólogo español "
"1906-3-1","1906","1833","José María de Pereda"," novelista español "
"1907-3-1","1907","1825","August Manns"," director de orquesta alemán "
"1910-3-1","1910","1845","José Domingo de Obaldía"," político y presidente panameño entre 1908 y 1910 "
"1911-3-1","1911","1852","Jacobus Henricus van't Hoff"," químico neerlandés, premio nobel de química en 1901 "
"1912-3-1","1912","1866","Piotr Lébedev"," físico ruso "
"1914-3-1","1914","1845","Gilbert Elliot-Murray-Kynynmound"," gobernador canadiense "
"1914-3-1","1914","1875","Jorge Newbery"," aviador, deportista y hombre de ciencia argentino "
"1916-3-1","1916","1876","Benjamín Argumedo"," militar mexicano "
"1920-3-1","1920","1880","Joseph Trumpeldor"," activista sionista ruso "
"1924-3-1","1924","1871","Louis Perree"," esgrimista francés "
"1932-3-1","1932","1864","Librado Rivera"," político y periodista mexicano "
"1936-3-1","1936","1871","Mijaíl Kuzmin"," escritor ruso "
"1938-3-1","1938","1863","Gabriele D'Annunzio"," poeta y político italiano "
"1940-3-1","1940","1878","Anton Hansen Tammsaare"," escritor estonio "
"1941-3-1","1941","1873","Lucien Merignac"," esgrimista francés "
"1943-3-1","1943","1863","Alexandre Yersin"," médico y bacteriólogo suizo "
"1945-3-1","1945","1919","Michael Strank"," marine estadounidense "
"1952-3-1","1952","1873","Mariano Azuela"," escritor mexicano "
"1952-3-1","1952","1892","Gregory La Cava"," director de cine estadounidense "
"1958-3-1","1958","1871","Giacomo Balla"," pintor italiano "
"1958-3-1","1958","1909","Carlos Velo"," cineasta mexicano "
"1966-3-1","1966","1903","Fritz Houtermans"," físico alemán "
"1974-3-1","1974","1935","Bobby Timmons"," pianista estadounidense de jazz "
"1976-3-1","1976","1910","Jean Martinon"," director de orquesta y compositor francés "
"1979-3-1","1979","1903","Mustafa Barzani"," político irakí "
"1980-3-1","1980","1939","Wilhelmina Cooper"," modelo neerlandesa "
"1980-3-1","1980","1907","Dixie Dean"," futbolista británico "
"1983-3-1","1983","1905","Arthur Koestler"," periodista y escritor anglo-húngaro "
"1984-3-1","1984","1914","Jackie Coogan"," actor estadounidense "
"1988-3-1","1988","1907","Joe Besser"," actor y humorista estadounidense "
"1991-3-1","1991","1909","Edwin H. Land"," científico y magnate estadounidense "
"1994-3-1","1994","1935","Modesto Fraile"," político español "
"1995-3-1","1995","1946","Georges J. F. Köhler"," biólogo alemán, premio nobel de medicina en 1984 "
"1995-3-1","1995","1956","Vladislav Listyev"," periodista ruso "
"1995-3-1","1995","1920","César Rodríguez"," futbolista español "
"2000-3-1","2000","1941","Begoña Palacios"," actriz mexicana "
"2003-3-1","2003","1907","Nadine Conner"," cantante y actriz estadounidense "
"2005-3-1","2005","1927","Peter Malkin"," espía israelí "
"2006-3-1","2006","19333","Harry Browne"," político y escritor estadounidense "
"2006-3-1","2006","1950","José Luis Castejón Garrués"," político español "
"2006-3-1","2006","1947","Peter Osgood"," futbolista británico "
"2007-3-1","2007","-1","Manuel Bento","El 1 de marzo de 2007 muere Manuel Bento, futbolista portugués."
"2008-3-1","2008","1948","Raúl Reyes"," guerrillero colombiano "
"2009-3-1","2009","1947","Pepe Rubianes"," actor y director de teatro español "
"2010-3-1","2010","1942","José Luis Bollea"," cantante, director y compositor argentino "
"2010-3-1","2010","1960","Luis Ernesto Videla"," empresario chileno "
"2010-3-1","2010","1927","Vladímir Iliushin"," aviador ruso "
"2012-3-1","2012","1928","Quique Camoiras"," actor y cómico español "
"2012-3-1","2012","1926","Jerome Courtland"," actor, director y productor estadounidense "
"2012-3-1","2012","1943","Lucio Dalla"," cantautor italiano "
"2013-3-1","2013","1931","Rafael Puyana"," clavecinista colombiano. "
"2013-3-1","2013","1944","Bonnie Franklin"," actriz estadounidense "
"2013-3-1","2013","19254","Santos Inzaurralde"," poeta y político uruguayo "
"2013-3-1","2013","1929","Ludwig Zausinger"," futbolista alemán "
"2014-3-1","2014","1922","Alain Resnais"," cineasta francés "
"2014-3-1","2014","1923","Alejandro Zaffaroni"," químico y empresario uruguayo "
"2015-3-1","2015","1926","Joshua Fishman"," lingüista y académico estadounidense "
"2015-3-1","2015","1922","Minnie Miñoso"," beisbolista cubano "
"2015-3-1","2015","1964","Chris Welp"," baloncestista y entrenador alemán "
"2019-3-1","2019","1930","Zhorés Alfiórov"," físico ruso, premio nobel de física 2000 "
"2019-3-1","2019","1922","Kevin Roche"," arquitecto estadounidense "
"2020-3-1","2020","1925","Ernesto Cardenal"," poeta, sacerdote y político nicaragüense "
"2021-3-1","2021","1955","Quique San Francisco"," actor y cómico español "
"1085-4-1","1085","1048","Shenzong"," emperador chino "
"1132-4-1","1132","1053","Hugo de Grenoble"," santo francés de la iglesia católica "
"1204-4-1","1204","1122","Leonor de Aquitania"," reina consorte de Francia y de Inglaterra "
"1528-4-1","1528","1470","Francisco de Peñalosa"," polifonista español "
"1548-4-1","1548","1467","Segismundo I Jagellón el Viejo"," rey polaco "
"1580-4-1","1580","1510","Alonso Mudarra"," vihuelista y compositor español "
"1621-4-1","1621","1577","Cristofano Allori"," pintor italiano "
"1684-4-1","1684","1603","Roger Williams"," teólogo británico "
"1856-4-1","1856","1782","Eustoquio Díaz Vélez"," general argentino "
"1863-4-1","1863","1781","José Manuel Restrepo"," fue un político e historiador colombiano. "
"1869-4-1","1869","1818","Alexander Dreyschock"," pianista y compositor romántico checo "
"1872-4-1","1872","1805","Manuel Rivadeneyra"," impresor español "
"1894-4-1","1894","1836","Remigio Morales Bermúdez"," militar y político peruano "
"1898-4-1","1898","1820","Celso Golmayo Zúpide"," ajedrecista español "
"1917-4-1","1917","1868","Scott Joplin"," músico afroestadounidense "
"1922-4-1","1922","1887","Carlos I"," aristócrata austriaco, emperador de su país "
"1926-4-1","1926","1854","Charles Angrand"," pintor neoimpresionista y anarquista francés "
"1930-4-1","1930","1837","Cósima Wagner"," hija de Franz Liszt y esposa de Richard Wagner "
"1933-4-1","1933","1857","Salvador Rueda"," poeta español "
"1933-4-1","1933","1872","Joaquín Xaudaró"," historietista español "
"1939-4-1","1939","1913","Evaristo Viñuales Larroy"," profesor y anarquista español "
"1940-4-1","1940","1858","John A. Hobson"," economista inglés "
"1943-4-1","1943","1919","Polina Makogon"," aviadora militar soviética "
"1946-4-1","1946","1882","Noah Beery"," actor estadounidense "
"1947-4-1","1947","1890","Jorge II"," aristócrata griego, rey de su país "
"1950-4-1","1950","1904","Charles R. Drew"," físico estadounidense "
"1952-4-1","1952","1878","Ferenc Molnár"," escritor húngaro "
"1966-4-1","1966","1911","Flann O'Brien"," escritor irlandés "
"1968-4-1","1968","1908","Lev Landáu"," físico azerbaiyano, premio nobel de física en 1962 "
"1971-4-1","1971","1893","Orestes Caviglia"," actor, cineasta y director de teatro argentino "
"1976-4-1","1976","1891","Max Ernst"," pintor alemán nacionalizado francés "
"1979-4-1","1979","1910","Bruno Coquatrix"," músico francés "
"1982-4-1","1982","1926","Miguel Espinosa Gironés"," escritor español "
"1984-4-1","1984","1939","Marvin Gaye"," músico estadounidense "
"1986-4-1","1986","1928","Erik Bruhn"," coreógrafo danés "
"1991-4-1","1991","1894","Martha Graham"," bailarina y coreógrafa estadounidense "
"1991-4-1","1991","1946","Jaime Guzmán"," líder derechista chileno "
"1994-4-1","1994","1912","Robert Doisneau"," fotógrafo francés "
"1995-4-1","1995","1918","Francisco Moncion"," miembro fundador del New York City Ballet "
"1995-4-1","1995","1912","Víctor Valussi"," futbolista argentino "
"1998-4-1","1998","1963","Rozz Williams"," músico estadounidense, de la banda Christian Death "
"2002-4-1","2002","1905","Simo Häyhä"," soldado finés "
"2003-4-1","2003","1956","Leslie Cheung"," actor y cantante chino "
"2003-4-1","2003","1918","Mario López"," poeta y pintor español "
"2004-4-1","2004","1920","Enrique Grau"," pintor y escultor colombiano "
"2005-4-1","2005","1913","Álvaro Alsogaray"," político, militar y economista argentino "
"2007-4-1","2007","1938","Norberto La Porta"," político argentino "
"2009-4-1","2009","1921","Marcos Moshinsky"," físico mexicano de origen ucraniano "
"2010-4-1","2010","1918","John Forsythe"," actor estadounidense "
"2012-4-1","2012","1934","Miguel de la Madrid"," político mexicano, presidente de México entre 1982 y 1988 "
"2012-4-1","2012","1947","Giorgio Chinaglia"," futbolista italiano "
"2014-4-1","2014","1924","Jacques Le Goff"," historiador medievalista francés "
"2015-4-1","2015","1898","Misao Okawa"," supercentenaria, persona más anciana del mundo "
"2015-4-1","2015","1939","Cynthia Powell"," primera esposa del beatle John Lennon "
"2017-4-1","2017","1939","Gösta Ekman"," actor, comediante y director sueco "
"2017-4-1","2017","1926","Antonio Lamela"," arquitecto español "
"2017-4-1","2017","1932","Yevgueni Yevtushenko"," poeta ruso "
"2018-4-1","2018","1926","Efraín Ríos Montt"," político y militar guatemalteco, dictador de Guatemala entre 1982 y 1983 "
"2019-4-1","2019","1927","Rafael Sánchez Ferlosio"," escritor español "
"2020-4-1","2020","1937","Nur Hassan Hussein"," político somalí "
"2021-4-1","2021","1929","Isamu Akasaki"," ingeniero electrónico y científico japonés, premio nobel de física en 2014 "
"2021-4-1","2021","1950","Patrick Juvet"," cantante suizo "
"408-5-1","408","377","Arcadio"," emperador romano de Oriente "
"524-5-1","524","524","Segismundo"," rey burgundio "
"1118-5-1","1118","1080","Edith de Escocia"," reina consorte de Inglaterra "
"1256-5-1","1256","1195","Mafalda de Portugal"," reina consorte de Castilla, señora de Arouca e Infanta de Portugal "
"1308-5-1","1308","1255","Alberto I de Habsburgo"," rey alemán "
"1345-5-1","1345","1266","Peregrino Laziosi"," santo italiano "
"1539-5-1","1539","1503","Isabel de Portugal"," Emperatriz consorte del Sacro Imperio Romano Germánico, reina consorte de España, Nápoles, Sicilia y Cerdeña, duquesa titular consorte de Borgoña y señora de Albacete "
"1555-5-1","1555","1501","Marcelo II"," papa italiano "
"1572-5-1","1572","1504","Pío V"," papa italiano "
"1733-5-1","1733","1658","Nicolas Coustou"," escultor francés "
"1840-5-1","1840","1805","Giuditta Grisi"," mezzosoprano italiana "
"1870-5-1","1870","1795","Gabriel Lamé"," matemático francés "
"1873-5-1","1873","1813","David Livingstone"," explorador y misionero escocés "
"1874-5-1","1874","1802","Niccolò Tommaseo"," escritor y lingüista italiano "
"1885-5-1","1885","1841","André Gill"," cantautor y caricaturista francés "
"1891-5-1","1891","1828","Eduard Schönfeld"," astrónomo alemán "
"1891-5-1","1891","1821","Ferdinand Gregorovius"," historiador alemán "
"1893-5-1","1893","1817","Alexander Kaufmann"," poeta alemán "
"1904-5-1","1904","1841","Antonín Dvořák"," compositor checo "
"1904-5-1","1904","1845","Augusto González de Linares"," geólogo y zoólogo español "
"1920-5-1","1920","1882","Margarita de Connaught"," princesa heredera sueca "
"1933-5-1","1933","1853","Isaac Garza Garza"," empresario e industrial mexicano "
"1934-5-1","1934","1860","Paul Gustave Fischer"," pintor, ilustrador y cartelista danés "
"1935-5-1","1935","1889","Henri Pélissier"," ciclista francés "
"1943-5-1","1943","1918","Valentina Safronova"," partisana soviética "
"1945-5-1","1945","1897","Joseph Goebbels"," político nazi alemán "
"1945-5-1","1945","1901","Magda Goebbels"," esposa de Joseph Goebbels "
"1968-5-1","1968","1894","Demetrio Carceller Segura"," político español "
"1973-5-1","1973","1914","Asger Jorn"," pintor danés "
"1977-5-1","1977","1905","Pedro Antonio Ramos"," músico venezolano "
"1978-5-1","1978","1903","Aram Jachaturián"," compositor ruso "
"1981-5-1","1981","1889","Rafael Aizpún"," político español "
"1982-5-1","1982","1900","Walther Wenck"," militar nazi "
"1984-5-1","1984","1944","Nito Mores"," actor y cantante de tangos argentino "
"1991-5-1","1991","1896","Richard Thorpe"," cineasta estadounidense "
"1992-5-1","1992","1954","Manolo Montoliu"," banderillero español "
"1993-5-1","1993","1925","Pierre Bérégovoy"," político francés "
"1994-5-1","1994","1960","Ayrton Senna"," piloto brasileño de Fórmula 1 "
"1995-5-1","1995","1926","Tandarica"," actor y humorista argentino de origen rumano "
"2000-5-1","2000","1926","Steve Reeves"," actor estadounidense "
"2001-5-1","2001","1942","Harold Hairston"," baloncestista estadounidense "
"2004-5-1","2004","1910","Ejler Bille"," artista danés "
"2006-5-1","2006","1919","Raúl Primatesta"," cardenal argentino "
"2007-5-1","2007","1923","Karl Olov Hedberg"," botánico sueco "
"2007-5-1","2007","1915","Fermín Trueba"," ciclista español "
"2011-5-1","2011","1934","Henry Cooper"," boxeador británico "
"2011-5-1","2011","1931","Agustín García-Gasco"," cardenal español "
"2012-5-1","2012","1919","Gogó Andreu"," actor y músico argentino "
"2014-5-1","2014","1942","Juan Formell"," músico, bajista, compositor y arreglista cubano, director de orquesta de Los Van Van "
"2015-5-1","2015","1930","Grace Lee Whitney"," actriz estadounidense "
"2015-5-1","2015","1940","María Elena Velasco"," actriz mexicana "
"2016-5-1","2016","1947","Solomon W. Golomb"," matemático e ingeniero estadounidense "
"2018-5-1","2018","1963","Andrés Reyes González"," luchador profesional mexicano "
"2019-5-1","2019","1929","Issa J. Boullata"," escritor, traductor y docente de literatura árabe "
"2020-5-1","2020","1927","Silvia Legrand"," actriz argentina "
"2021-5-1","2021","1944","Rafael Roncagliolo"," sociólogo, político y periodista peruano "
"193-6-1","193","133","Marco Severo Didius Julianus"," emperador romano "
"657-6-1","657","-1","Eugenio I","El 1 de junio de 657 muere Eugenio I, papa de la Iglesia católica entre 654 y 657."
"847-6-1","847","-1","Xiao","El 1 de junio de 847 muere Xiao, emperatriz china."
"896-6-1","896","-1","Teodosio Romano","El 1 de junio de 896 muere Teodosio Romano, patriarca ortodoxo sirio."
"1068-6-1","1068","1000","Íñigo de Oña"," anacoreta, abad y santo español "
"1224-6-1","1224","-1","Abu Yaqub II al-Mustansir","El 1 de junio de 1224 muere Abu Yaqub II al-Mustansir, califa almohade."
"1433-6-1","1433","1380","Jaime II de Urgel"," conde de Urgel, vizconde de Áger, barón de Antillón, de Alcolea de Cinca y de Fraga "
"1434-6-1","1434","1350","Vladislao II Jagellón"," rey polaco entre 1386 y 1434 "
"1571-6-1","1571","1504","John Story"," mártir católico inglés "
"1616-6-1","1616","1543","Tokugawa Ieyasu"," shōgun japonés entre 1600 y 1605 "
"1625-6-1","1625","1568","Honoré d'Urfé"," escritor preciosista francés "
"1642-6-1","1642","1609","John Suckling"," poeta británico "
"1660-6-1","1660","1611","Mary Dyer"," cuáquera inglesa, ejecutada "
"1710-6-1","1710","1642","David Mitchell"," almirante británico "
"1773-6-1","1773","1708","Wolraad Woltemade"," agricultor y héroe sudafricano "
"1815-6-1","1815","1753","Louis Alexandre Berthier"," mariscal francés "
"1823-6-1","1823","1770","Louis Nicolas Davout"," mariscal francés "
"1830-6-1","1830","1781","Swaminarayan"," religioso indio, líder de secta "
"1841-6-1","1841","1785","David Wilkie"," pintor británico "
"1841-6-1","1841","1749","Nicolas Appert"," inventor francés "
"1846-6-1","1846","1765","Gregorio XVI"," papa de la Iglesia católica entre 1831 y 1846 "
"1860-6-1","1860","1800","José María Melo y Ortiz"," general y político colombiano "
"1864-6-1","1864","1812","Hong Xiuquan"," rebelde chino "
"1868-6-1","1868","1791","James Buchanan"," político estadounidense, presidente entre 1857 y 1861 "
"1872-6-1","1872","1795","James Gordon Bennett"," Sr., editor estadounidense "
"1876-6-1","1876","1848","Hristo Botev"," revolucionario y poeta búlgaro "
"1879-6-1","1879","1856","Eugène Bonaparte"," emperador francés "
"1890-6-1","1890","1828","Aureliano Maestre de San Juan"," científico español "
"1925-6-1","1925","1854","Thomas Marshall"," político estadounidense "
"1926-6-1","1926","1854","Ramón Turró"," biólogo español "
"1927-6-1","1927","1860","Lizzie Borden"," mujer estadounidense acusada de asesinato de su familia "
"1927-6-1","1927","1861","John Bagnell Bury"," historiador, filólogo y erudito irlandés "
"1927-6-1","1927","1851","Aníbal María di Francia"," sacerdote católico italiano "
"1936-6-1","1936","1866","Francisco Grandmontagne"," escritor español "
"1938-6-1","1938","1901","Ödön von Horváth"," escritor y dramaturgo croata-francés "
"1941-6-1","1941","1884","Hugh Walpole"," novelista neozelandés "
"1941-6-1","1941","1873","Hans Berger"," médico neurólogo alemán "
"1943-6-1","1943","501893","Leslie Howard (50)"," actor, director y productor británico; asesinado por los nazis "
"1945-6-1","1945","1882","Pío del Río Hortega"," médico español "
"1946-6-1","1946","1882","Ion Antonescu"," mariscal y político rumano, dictador de Rumania; ejecutado "
"1946-6-1","1946","1873","Leo Slezak"," tenor alemán "
"1948-6-1","1948","1914","Sonny Boy Williamson I"," músico estadounidense "
"1952-6-1","1952","1859","John Dewey"," filósofo y psicólogo estadounidense "
"1954-6-1","1954","1869","Martin Andersen Nexø"," escritor danés "
"1959-6-1","1959","1883","Sax Rohmer"," escritor británico "
"1960-6-1","1960","1896","Paula Hitler"," mujer austriaca, hermana de Adolf Hitler "
"1962-6-1","1962","1906","Adolf Eichmann"," líder nazi alemán "
"1965-6-1","1965","1898","Curly Lambeau"," futbolista y entrenador estadounidense "
"1966-6-1","1966","1873","Papa Jack Laine"," músico estadounidense "
"1968-6-1","1968","1880","Helen Keller"," autora, activista, y oradora estadounidense "
"1970-6-1","1970","1890","Clara de la Rocha"," militar revolucionaria mexicana "
"1971-6-1","1971","1892","Reinhold Niebuhr"," teólogo estadounidense "
"1973-6-1","1973","1915","Mary Kornman"," actriz estadounidense "
"1979-6-1","1979","1904","Werner Forssmann"," médico alemán, premio Nobel "
"1983-6-1","1983","1900","Anna Seghers"," escritora alemana "
"1983-6-1","1983","1909","Jaime Lazcano"," futbolista español "
"1983-6-1","1983","1895","Jack Dempsey"," boxeador estadounidense "
"1985-6-1","1985","1918","Richard Greene"," actor británico "
"1994-6-1","1994","1910","Joaquín Pérez Villanueva"," historiador y académico español "
"1999-6-1","1999","1968","Cris Miró"," vedette y travesti argentina "
"2001-6-1","2001","1945","Birendra de Nepal"," rey de Nepal entre 1972 y 2001 "
"2001-6-1","2001","1941","Aishwarya de Nepal"," reina consorte de Nepal entre 1972 y 2001 "
"2001-6-1","2001","-1","Violeta Correa","El 1 de junio de 2001 muere Violeta Correa, primera dama peruana."
"2001-6-1","2001","1920","Hank Ketcham"," dibujante estadounidense "
"2003-6-1","2003","1935","Luis Sánchez-Harguindey"," médico y político español "
"2004-6-1","2004","1922","William Manchester"," escritor e historiador estadounidense "
"2005-6-1","2005","1924","George Mikan"," baloncestista estadounidense "
"2006-6-1","2006","1944","Rocío Jurado"," cantante y actriz española "
"2008-6-1","2008","1931","Tommy Lapid"," periodista y político israelí, 17.º ministro de Justicia de Israel "
"2008-6-1","2008","1936","Yves Saint Laurent"," diseñador de moda francés "
"2011-6-1","2011","1918","Aníbal Barrios Pintos"," historiador uruguayo "
"2011-6-1","2011","1942","Manolo Otero"," cantante español "
"2012-6-1","2012","1939","Kathryn Joosten"," actriz estadounidense "
"2014-6-1","2014","1999","Christian Andres Guzman Barrionuevo"," Pianista Ecuatoriano Quito "
"2017-6-1","2017","1923","Roberto De Vicenzo"," golfista argentino "
"2019-6-1","2019","1983","José Antonio Reyes"," futbolista español "
"2020-6-1","2020","1927","Javier Alva Orlandini"," político peruano "
"2021-6-1","2021","1945","Jovino Novoa"," abogado y político chileno "
"2021-6-1","2021","1930","Violeta Vidaurre","actriz chilena "
"552-7-1","552","516","Totila"," rey ostrogodo "
"1109-7-1","1109","1040","Alfonso VI de León"," rey León, Galicia y Castilla "
"1277-7-1","1277","1223","Baibars"," sultán egipcio "
"1321-7-1","1321","1264","María de Molina"," reina consorte de Castilla "
"1482-7-1","1482","1410","Alfonso Carrillo de Acuña"," sacerdote español, arzobispo de Toledo "
"1614-7-1","1614","1559","Isaac Casaubon"," filólogo y erudito francés "
"1736-7-1","1736","1673","Ahmed III"," sultán otomano "
"1756-7-1","1756","1701","Giambattista Nolli"," arquitecto y topógrafo italiano "
"1782-7-1","1782","1730","Charles Watson-Wentworth"," primer ministro británico "
"1784-7-1","1784","1710","Wilhelm Friedemann Bach"," organista y compositor alemán "
"1839-7-1","1839","1785","Mahmud II"," sultán otomano "
"1843-7-1","1843","1783","Domingo Caycedo"," fue un militar, estadista y político colombiano. "
"1855-7-1","1855","1797","Antonio Rosmini"," pensador italiano "
"1860-7-1","1860","1800","Charles Goodyear"," químico e ingeniero estadounidense "
"1866-7-1","1866","1804","Francisco Armero Peñaranda"," político español "
"1876-7-1","1876","1814","Mijaíl Bakunin"," político ruso "
"1884-7-1","1884","1819","Allan Pinkerton"," detective y espía británico-estadounidense "
"1896-7-1","1896","1811","Harriet Beecher Stowe"," escritora y activista estadounidense "
"1896-7-1","1896","1842","Leandro N. Alem"," político argentino; suicidio "
"1905-7-1","1905","1838","John Hay"," periodista y político estadounidense "
"1912-7-1","1912","1875","Harriet Quimby"," aviadora y guionista estadounidense "
"1925-7-1","1925","1866","Erik Satie"," pianista y compositor francés "
"1927-7-1","1927","1858","Pedro Nel Ospina"," militar y político colombiano "
"1934-7-1","1934","1890","Paul Röhrbein"," militar alemán "
"1943-7-1","1943","1894","Willem Arondeus"," artista, guerrillero antinazi y escritor neerlandés "
"1944-7-1","1944","1894","Carl Mayer"," guionista austriaco-británico "
"1950-7-1","1950","1865","Émile Jaques-Dalcroze"," compositor y educador suizo "
"1950-7-1","1950","1873","Eliel Saarinen"," arquitecto finlandés "
"1951-7-1","1951","1922","Tadeusz Borowski"," poeta, novelista y periodista polaco "
"1954-7-1","1954","1888","Thea von Harbou"," actriz, escritora y guionista alemana "
"1961-7-1","1961","1894","Louis-Ferdinand Céline"," escritor y médico francés "
"1964-7-1","1964","1877","Julio Casares"," filólogo, diplomático y violinista español "
"1964-7-1","1964","1875","Pierre Monteux"," director de orquesta y violista francés "
"1966-7-1","1966","1938","Pauline Boty"," pintora británica "
"1967-7-1","1967","1888","Gerhard Ritter"," historiador y académico alemán "
"1968-7-1","1968","1903","Fritz Bauer"," juez y político alemán "
"1971-7-1","1971","1885","Camilo Alonso Vega"," militar español "
"1971-7-1","1971","1890","William Lawrence Bragg"," físico británico, premio nobel de física en 1915 "
"1974-7-1","1974","1895","Juan Domingo Perón"," político y militar argentino, presidente entre 1946 y 1955, y entre 1973 y 1974 "
"1976-7-1","1976","1952","Anneliese Michel"," joven alemana que creía estar poseída por demonios "
"1978-7-1","1978","1890","Kurt Student"," general y piloto alemán "
"1979-7-1","1979","1899","José S. Vivanco"," político mexicano "
"1981-7-1","1981","1921","Carlos de Oliveira"," escritor y poeta portugués "
"1981-7-1","1981","1902","Marcel Lajos Breuer"," arquitecto y diseñador estadounidense "
"1983-7-1","1983","1895","Buckminster Fuller"," arquitecto estadounidense "
"1984-7-1","1984","1904","Moshé Feldenkrais"," físico y académico ucraniano-israelí "
"1985-7-1","1985","1910","Pedro Aleandro"," actor argentino "
"1986-7-1","1986","1928","Ernesto Deira"," artista argentino "
"1987-7-1","1987","1949","Snakefinger"," cantante, compositor y guitarrista británico, de la banda The Residents "
"1990-7-1","1990","1916","Mario Cabré"," presentador de televisión y actor español "
"1991-7-1","1991","1936","Michael Landon"," actor, director y productor estadounidense "
"1992-7-1","1992","1924","Franco Cristaldi"," guionista y productor italiano "
"1996-7-1","1996","1954","Margaux Hemingway"," modelo y actriz estadounidense "
"1997-7-1","1997","1917","Robert Mitchum"," actor estadounidense "
"1999-7-1","1999","1957","Dennis Brown"," músico jamaicano de reggae "
"1999-7-1","1999","1908","Edward Dmytryk"," cineasta y productor canadiense-estadounidense "
"1999-7-1","1999","1927","Guy Mitchell"," cantante y actor estadounidense "
"1999-7-1","1999","1910","Sylvia Sidney"," actriz estadounidense "
"2000-7-1","2000","1920","Walter Matthau"," actor y cantante estadounidense "
"2001-7-1","2001","1922","Nikolái Básov"," físico soviético, premio nobel de física en 1964 "
"2002-7-1","2002","1912","Pedro Maratea"," actor argentino "
"2003-7-1","2003","1930","Herbie Mann"," flautista y saxofonista estadounidense de jazz "
"2003-7-1","2003","1944","N!xau"," campesino y actor namibio "
"2003-7-1","2003","1940","Chicho Sánchez Ferlosio"," cantautor y anarquista español "
"2004-7-1","2004","1931","Peter Barnes"," escritor británico "
"2004-7-1","2004","1924","Marlon Brando"," actor y director estadounidense "
"2005-7-1","2005","1951","Luther Vandross"," cantante, compositor y productor estadounidense "
"2005-7-1","2005","1922","Guillermo Kelly"," político argentino "
"2006-7-1","2006","1937","Ryutaro Hashimoto"," político y primer ministro japonés "
"2006-7-1","2006","1950","Benjamin Hendrickson"," actor estadounidense "
"2007-7-1","2007","1938","Juan José Lujambio"," periodista deportivo argentino "
"2008-7-1","2008","1906","Lucio Ballesteros"," periodista y poeta español "
"2008-7-1","2008","1948","Mel Galley"," guitarrista británico, de la banda Whitesnake "
"2009-7-1","2009","1952","Alexis Argüello"," boxeador y político nicaragüense "
"2009-7-1","2009","1912","Karl Malden"," actor estadounidense "
"2009-7-1","2009","1944","Josefa Martín Luengo"," educadora anarquista española "
"2009-7-1","2009","1937","Baltasar Porcel"," escritor español "
"2012-7-1","2012","1961","Alan G. Poindexter"," capitán, piloto y astronauta estadounidense "
"2013-7-1","2013","1939","Gary Shearston"," cantante y compositor australiano "
"2015-7-1","2015","1909","Nicholas Winton"," militar y filántropo británico "
"2016-7-1","2016","1923","Yves Bonnefoy"," poeta francés "
"2020-7-1","2020","1921","Hugh Downs"," presentador de televisión y locutor estadounidense "
"1595-8-1","1595","-1","en la horca Gabriel Espinosa","El 1 de agosto de 1595 muere en la horca Gabriel Espinosa, el pastelero de Madrigal, que fingió ser el rey Sebastián de Portugal."
"371-8-1","371","283","Eusebio de Vercelli"," obispo y santo italiano "
"565-8-1","565","452","Justino I"," emperador bizantino "
"1098-8-1","1098","1055","Ademar de Monteil"," obispo francés "
"1137-8-1","1137","1081","Luis VI"," rey francés "
"1252-8-1","1252","1182","Giovanni da Pian del Carpine"," misionero franciscano italiano "
"1457-8-1","1457","1407","Lorenzo Valla"," humanista italiano "
"1464-8-1","1464","1389","Cosme de Médici"," político y banquero italiano "
"1503-8-1","1503","1446","Juan de Borja Llançol de Romaní"," el mayor, cardenal y arzobispo español "
"1546-8-1","1546","1506","Pedro Fabro"," teólogo francés "
"1557-8-1","1557","1490","Olaus Magnus"," escrito sueco "
"1589-8-1","1589","1567","Jacques Clément"," personaje francés, asesino de Enrique III "
"1714-8-1","1714","1665","Ana I"," reina británica "
"1787-8-1","1787","1696","Alfonso de Ligorio"," obispo y santo italiano "
"1798-8-1","1798","1753","François-Paul Brueys d'Aigalliers"," almirante francés "
"1840-8-1","1840","1797","Karl Otfried Müller"," intelectual y arqueólogo alemán "
"1866-8-1","1866","1790","John Ross"," cacique cheroqui estadounidense "
"1877-8-1","1877","1805","Guillermo Schulz"," ingeniero hispano-alemán "
"1903-8-1","1903","1852","Calamity Jane"," forajida estadounidense "
"1915-8-1","1915","1873","Francisco Contreras Ballesteros"," militar mexicano "
"1920-8-1","1920","1856","Bal Gangadhar Tilak"," líder indio "
"1940-8-1","1940","1868","Andrés Molina Enríquez"," abogado, sociólogo y escritor mexicano "
"1944-8-1","1944","1878","Manuel L. Quezon"," político filipino, primer presidente de su país "
"1945-8-1","1945","1878","Blas Cabrera"," físico español "
"1955-8-1","1955","1885","Carlos González Peña"," escritor y periodista mexicano "
"1959-8-1","1959","1921","Jean Behra"," piloto francés de Fórmula 1 "
"1967-8-1","1967","1915","Orlando Cochia"," autor teatral y radial argentino "
"1967-8-1","1967","1900","Richard Kuhn"," químico alemán, premio nobel de química en 1938 "
"1969-8-1","1969","1921","Miguel Labordeta"," poeta y dramaturgo español "
"1970-8-1","1970","1899","Manuel Droguett Reyes"," político chileno "
"1970-8-1","1970","1913","Frances Farmer"," actriz estadounidense "
"1970-8-1","1970","1900","María Tereza Montoya"," empresaria teatral y actriz mexicana "
"1970-8-1","1970","1883","Otto Heinrich Warburg"," fisiólogo alemán, premio nobel de medicina en 1931 "
"1973-8-1","1973","911882","Gian Francesco Malipiero (91)"," compositor italiano "
"1973-8-1","1973","1893","Walter Ulbricht"," político comunista alemán "
"1977-8-1","1977","1929","Francis Gary Powers"," piloto estadounidense "
"1980-8-1","1980","1944","Patrick Depailler"," piloto francés de Fórmula 1 "
"1980-8-1","1980","1919","Strother Martin"," actor estadounidense "
"1981-8-1","1981","1923","Paddy Chayefsky"," escritor estadounidense "
"1985-8-1","1985","1907","Fernando Previtali"," director de orquesta y músico italiano "
"1989-8-1","1989","1937","John Ogdon"," pianista británico "
"1990-8-1","1990","1897","Norbert Elias"," sociólogo alemán "
"1990-8-1","1990","1944","Bárbara Mujica"," actriz argentina "
"1993-8-1","1993","1913","Abraham Guillén"," anarquista español "
"1995-8-1","1995","1912","Julián Berrendero"," ciclista español "
"1996-8-1","1996","1940","Frida Boccara"," cantante francesa "
"1996-8-1","1996","1897","Tadeus Reichstein"," químico polaco, premio Nobel de medicina en 1950 "
"1996-8-1","1996","1929","Lucille Teasdale-Corti"," médica y misionera canadiense "
"1997-8-1","1997","1915","Sviatoslav Richter"," pianista ucraniano "
"2003-8-1","2003","1962","Marie Trintignant"," actriz francesa "
"2005-8-1","2005","1920","Constant Nieuwenhuys"," pintor neerlandés "
"2005-8-1","2005","1921","Fahd bin Abdulaziz"," rey y dictador árabe "
"2008-8-1","2008","1962","Leopoldo Alas Mínguez"," escritor español "
"2009-8-1","2009","1933","Corazón Aquino"," política proestadounidense filipina, presidenta entre 1986 y 1992 "
"2010-8-1","2010","1920","Lolita Lebrón"," independentista puertorriqueña "
"2011-8-1","2011","1912","Florentina Gómez Miranda"," abogada y política argentina "
"2011-8-1","2011","1922","Ana María Zeno"," médica argentina "
"2011-8-1","2011","1926","Concha Alós"," escritora española "
"2015-8-1","2015","1968","Stephan Beckenbauer"," futbolista alemán "
"2015-8-1","2015","1943","Cilla Black"," cantante y presentadora de televisión británica "
"2015-8-1","2015","1942","Marco Aurelio Carballo"," escritor y periodista mexicano "
"2015-8-1","2015","1921","Bernard d'Espagnat"," físico y filósofo francés "
"2016-8-1","2016","1923","Ana de Borbón-Parma"," aristócrata francesa, reina de Rumania "
"2016-8-1","2016","1924","Raimundo Ongaro"," dirigente sindical argentino "
"2016-8-1","2016","1946","Oscar Celli Gerbasi"," académico y político venezolano "
"2018-8-1","2018","1914","Mary Carlisle"," actriz estadounidense "
"2019-8-1","2019","1940","Jaime Santos"," fue un actor, humorista y director colombiano. "
"2019-8-1","2019","1925","D. A. Pennebaker"," cineasta y documentalista estadounidense "
"2020-8-1","2020","1934","Wilford Brimley"," actor estadounidense "
"2021-8-1","2021","1943","Gino Renni"," actor, cantante y comediante argentino de origen italiano "
"2022-8-1","2022","1932","Rosa de Castilla"," actriz y cantante mexicana "
"870-9-1","870","810","Muhammad Ibn Ismail Al-Bujari"," erudito islámico "
"1054-9-1","1054","1012","García Sánchez III de Pamplona"," rey de Pamplona y Nájera "
"1067-9-1","1067","1012","Balduino V"," aristócrata flamenco "
"1159-9-1","1159","1100","Adriano IV"," papa inglés "
"1256-9-1","1256","1218","Kujō Yoritsune"," shogun japonés "
"1557-9-1","1557","1491","Jacques Cartier"," explorador francés "
"1581-9-1","1581","1534","Gurú Ram Das"," religioso pakistaní, cuarto de los diez gurúes de la religión sij "
"1615-9-1","1615","1529","Étienne Pasquier"," historiador francés "
"1648-9-1","1648","1588","Marin Mersenne"," matemático francés "
"1687-9-1","1687","1614","Henry More"," filósofo británico "
"1715-9-1","1715","1628","François Girardon"," escultor francés "
"1715-9-1","1715","1638","Luis XIV"," el Rey Sol, rey de Francia "
"1729-9-1","1729","1672","Richard Steele"," ensayista, dramaturgo y estadista británico "
"1838-9-1","1838","1770","William Clark"," explorador estadounidense "
"1850-9-1","1850","1772","Karl Friedrich von Gärtner"," botánico alemán "
"1856-9-1","1856","1784","William Yarrell"," naturalista británico "
"1871-9-1","1871","1811","Luis González Bravo"," escritor y político español "
"1906-9-1","1906","1847","Giuseppe Giacosa"," poeta italiano "
"1936-9-1","1936","1896","Isaac Puente"," médico vasco, teórico del anarquismo "
"1942-9-1","1942","1916","Juan José Domínguez Muñoz"," falangista español antifranquista "
"1947-9-1","1947","1861","Frederick Russell Burnham"," militar estadounidense, inspirador del escultismo "
"1948-9-1","1948","1882","Feng Yuxiang"," caudillo militar y político republicano chino "
"1961-9-1","1961","1910","Eero Saarinen"," arquitecto estadounidense "
"1968-9-1","1968","1898","Giuseppe Enrici"," ciclista italiano "
"1969-9-1","1969","1897","Michael Lippert"," militar alemán comandante de las SS nazis "
"1970-9-1","1970","1885","François Mauriac"," escritor francés, premio nobel de literatura en 1952 "
"1972-9-1","1972","1878","He Xiangning"," revolucionaria, feminista, pintora y poeta china "
"1977-9-1","1977","1896","Ethel Waters"," actriz y cantante estadounidense "
"1981-9-1","1981","1905","Albert Speer"," arquitecto alemán nazi "
"1982-9-1","1982","1900","Haskell Curry"," matemático y lógico estadounidense "
"1982-9-1","1982","1905","Vladislav Gomulka"," político polaco "
"1983-9-1","1983","1893","Joaquín Manuel Gutiérrez"," futbolista y entrenador costarricense "
"1985-9-1","1985","1957","Stefan Bellof"," piloto alemán de Fórmula 1 "
"1986-9-1","1986","1887","Ramón Carande"," historiador y economista español "
"1988-9-1","1988","1911","Luis Walter Álvarez"," científico estadounidense, premio nobel de física en 1968 "
"1989-9-1","1989","1947","Kazimierz Deyna"," futbolista polaco "
"1990-9-1","1990","1909","Arnoldo Gabaldón"," médico, investigador y político venezolano "
"1991-9-1","1991","1922","Otl Aicher"," diseñador alemán "
"1995-9-1","1995","1918","Juan José Míguez"," actor argentino "
"1995-9-1","1995","1912","María de la Cruz Toledo"," política y activista chilena "
"1997-9-1","1997","1929","Zoltán Czibor"," futbolista húngaro "
"2003-9-1","2003","1921","Eulalio González"," actor, locutor, director de cine, guionista y cantautor mexicano "
"2007-9-1","2007","1938","Rafael Ortega Porras"," alfarero y ceramista español "
"2013-9-1","2013","1923","Jean Haritschelhar"," escritor francés "
"2016-9-1","2016","1950","Jon Polito"," actor estadounidense"
"2018-9-1","2018","1926","Randy Weston"," pianista estadounidense "
"2020-9-1","2020","1971","Erick Morillo"," DJ y productor musical colombo-estadounidense "
"2021-9-1","2021","1951","Norberto Oyarbide"," juez federal y abogado argentino "
"1040-10-1","1040","997","Alan III"," aristócrata británico "
"1189-10-1","1189","1140","Gérard de Ridefort"," aristócrata francés, maestre de los templarios "
"1310-10-1","1310","1257","Beatriz de Borgoña"," aristócrata francesa "
"1404-10-1","1404","1356","Bonifacio IX"," papa italiano "
"1499-10-1","1499","1433","Marsilio Ficino"," filósofo italiano "
"1567-10-1","1567","1508","Pietro Carnesecchi"," humanista italiano "
"1570-10-1","1570","1520","Frans Floris"," pintor flamenco "
"1574-10-1","1574","1498","Marten Jacobszoon Heemskerk van Veen"," pintor neerlandés "
"1578-10-1","1578","1545","Juan de Austria"," militar español "
"1602-10-1","1602","1541","Hernando de Cabezón"," compositor español "
"1684-10-1","1684","1606","Pierre Corneille"," dramaturgo francés "
"1693-10-1","1693","1619","Pedro Abarca"," teólogo español "
"1704-10-1","1704","1660","Cornelis Dusart"," pintor neerlandés "
"1708-10-1","1708","1649","John Blow"," compositor británico "
"1847-10-1","1847","1772","Rafael Esteve"," grabador español "
"1852-10-1","1852","1823","Ferdinand Eisenstein"," matemático alemán "
"1864-10-1","1864","1800","Juan José Flores"," militar venezolano, fundador de la República del Ecuador "
"1866-10-1","1866","1810","Juan Vicente González"," escritor romántico venezolano "
"1873-10-1","1873","1802","Edwin Landseer"," pintor británico "
"1901-10-1","1901","1844","Abdur Rahman Khan"," amir afgano "
"1911-10-1","1911","1833","Wilhelm Dilthey"," filósofo, psicólogo e historiador alemán "
"1919-10-1","1919","1860","Carlota de Prusia"," princesa alemana y duquesa de Sajonia-Meiningen "
"1929-10-1","1929","1861","Antoine Bourdelle"," escultor francés "
"1947-10-1","1947","1881","Gregorio Martínez Sierra"," escritor español "
"1959-10-1","1959","1877","Enrico De Nicola"," político italiano "
"1964-10-1","1964","1887","Ernst Toch"," músico austriaco "
"1972-10-1","1972","1903","Louis Leakey"," arqueólogo y paleontólogo británico "
"1974-10-1","1974","1901","Spyridon Marinatos"," arqueólogo griego "
"1975-10-1","1975","1935","Al Jackson"," baterista estadounidense, de la banda Booker T. & the M.G.'s "
"1977-10-1","1977","1893","Victorio Blanco"," actor mexicano "
"1980-10-1","1980","1903","Mercedes Agurcia"," dramaturga hondureña "
"1985-10-1","1985","1899","E. B. White"," escritor y ensayista estadounidense "
"1988-10-1","1988","1897","Sacheverell Sitwell"," escritor británico "
"1989-10-1","1989","1934","Manuel Clouthier"," político y empresario mexicano "
"1990-10-1","1990","1928","John S. Bell"," físico estadounidense "
"1990-10-1","1990","1906","Curtis LeMay"," general estadounidense "
"1992-10-1","1992","1947","Petra Kelly"," pacifista alemana "
"1994-10-1","1994","1902","André Lwoff"," médico francés, premio nobel de medicina en 1965 "
"1994-10-1","1994","1915","Paul Lorenzen"," filósofo alemán "
"1997-10-1","1997","1923","Jerome H. Lemelson"," inventor estadounidense "
"1999-10-1","1999","1920","Juan de Arespacochaga"," ingeniero y político español "
"2001-10-1","2001","1944","Silvio Fernández Melgarejo"," músico español de rock "
"2003-10-1","2003","1913","Antonio Truyol y Serra"," jurista español "
"2004-10-1","2004","1923","Richard Avedon"," fotógrafo estadounidense "
"2004-10-1","2004","1946","Bruce Palmer"," músico canadiense, de la banda Buffalo Springfield "
"2006-10-1","2006","19538","Yoshihiro Yonezawa"," crítico de mangas japonés, cofundador y presidente del Comiket "
"2007-10-1","2007","1936","Al Oerter"," atleta estadounidense "
"2009-10-1","2009","1921","Cintio Vitier"," poeta y novelista cubano "
"2010-10-1","2010","1921","José Ángel Ezcurra"," periodista y editor español "
"2012-10-1","2012","1935","Octavio Getino"," cineasta argentino "
"2012-10-1","2012","1917","Eric Hobsbawm"," historiador británico "
"2012-10-1","2012","1961","Dirk Bach"," actor y presentador alemán "
"2013-10-1","2013","1947","Tom Clancy"," escritor estadounidense "
"2013-10-1","2013","1938","Giuliano Gemma"," actor italiano "
"2013-10-1","2013","1923","Israel Gutman"," historiador israelí "
"2013-10-1","2013","1926","Juan José Linz"," politólogo estadounidense "
"2015-10-1","2015","1985","Hadi Norouzi"," futbolista iraní "
"2016-10-1","2016","1927","Fernando Silva Espinoza"," médico y escritor nicaragüense "
"2017-10-1","2017","1953","Stephen Craig Paddock"," asesino, autor del tiroteo de Las Vegas de 2017 "
"2018-10-1","2018","1924","Charles Aznavour"," cantante compositor y actor francés "
"2018-10-1","2018","-1","Do Muoi","El 1 de octubre de 2018 muere Do Muoi, político vietnamita, primer ministro de Vietnam entre 1988 y 1991."
"2019-10-1","2019","1939","Karel Gott"," cantante checo "
"2020-10-1","2020","1941","Derek Mahon"," poeta norirlandés "
"130-11-1","130","119120","Genibera"," santa cristiana "
"955-11-1","955","921","Enrique I"," aristócrata bávaro "
"1112-11-1","1112","1066","Enrique de Borgoña"," aristócrata francés "
"1155-11-1","1155","1100","Fernando Pérez de Traba"," noble de Galicia "
"1391-11-1","1391","1360","Amadeo VII de Saboya"," aristócrata francés "
"1399-11-1","1399","1339","Juan V"," rey bretón "
"1431-11-1","1431","1360","Nuno Álvares Pereira"," aristócrata portugués, beatificado por la Iglesia católica "
"1492-11-1","1492","1435","Beltrán de la Cueva"," noble, político y militar castellano "
"1546-11-1","1546","1449","Giulio Romano"," pintor y arquitecto italiano "
"1588-11-1","1588","1496","Krisnadás Kavirash Gosuami"," religioso y escritor indio, autor del Chaitania-charitámrita "
"1629-11-1","1629","1588","Hendrick ter Brugghen"," pintor neerlandés "
"1642-11-1","1642","1598","Jean Nicolet"," explorador francés "
"1661-11-1","1661","1657","Felipe Próspero de Austria"," aristócrata español, hijo del rey Felipe IV "
"1700-11-1","1700","1661","Carlos II ""el Hechizado"""," rey español "
"1804-11-1","1804","1748","Johann Friedrich Gmelin"," naturalista y botánico alemán "
"1830-11-1","1830","1759","José Alejandro de Treviño y Gutiérrez"," abogado, jurista y político mexicano "
"1865-11-1","1865","1799","John Lindley"," botánico británico "
"1882-11-1","1882","1801","Alejandro Mon y Menéndez"," político español "
"1883-11-1","1883","1800","Alexander Walker Scott"," entomólogo australiano "
"1888-11-1","1888","1839","Nikolái Przevalski"," explorador ruso "
"1893-11-1","1893","1838","Jan Matejko"," pintor polaco "
"1894-11-1","1894","1845","Alejandro III"," zar ruso entre 1881 y 1894 "
"1895-11-1","1895","1828","Benito Sanz y Forés"," cardenal español "
"1903-11-1","1903","1817","Theodor Mommsen"," jurista, filólogo e historiador alemán, premio nobel de literatura en 1902 "
"1906-11-1","1906","1809","Juan de la Pezuela"," escritor, militar y político español "
"1907-11-1","1907","1873","Alfred Jarrý"," escritor, dramaturgo y poeta francés "
"1914-11-1","1914","1862","Christopher Cradock"," almirante británico "
"1921-11-1","1921","1848","Francisco Pradilla"," pintor español "
"1922-11-1","1922","1873","Francisco Murguía"," militar y político mexicano "
"1942-11-1","1942","1908","Hugo Distler"," compositor alemán de arte «degenerado» antinazi; suicidio "
"1947-11-1","1947","1910","Óscar Castro"," escritor y poeta chileno "
"1950-11-1","1950","1866","Eloísa Díaz"," primera médica de Chile y América del Sur "
"1956-11-1","1956","1871","Pietro Badoglio"," general y político italiano "
"1956-11-1","1956","1874","Joaquim Sunyer"," pintor español "
"1962-11-1","1962","1942","Ricardo Rodríguez"," piloto mexicano de Fórmula 1 "
"1965-11-1","1965","1872","Angelo Rotta"," sacerdote italiano "
"1968-11-1","1968","1888","Yorgos Papandréu"," político griego "
"1972-11-1","1972","1885","Ezra Pound"," poeta estadounidense "
"1975-11-1","1975","1909","Fernando Delapuente"," pintor español "
"1977-11-1","1977","1977","Jake Voskuhl"," baloncestista estadounidense "
"1979-11-1","1979","1896","Mamie Eisenhower"," personalidad estadounidense, esposa del presidente Dwight Eisenhower "
"1982-11-1","1982","1894","King Vidor"," cineasta estadounidense "
"1982-11-1","1982","1927","James Broderick"," actor estadounidense "
"1983-11-1","1983","1887","Anthony van Hoboken"," musicólogo neerlandés "
"1984-11-1","1984","1895","Boris Souvarine"," político francés "
"1985-11-1","1985","1911","Phil Silvers"," actor estadounidense "
"1985-11-1","1985","1955","Rick McGraw"," luchador de la WWF "
"1987-11-1","1987","1922","René Levesque"," periodista y político canadiense, primer ministro de Quebec "
"1987-11-1","1987","1885","Jesús Romero Flores"," político mexicano "
"1993-11-1","1993","1905","Severo Ochoa"," bioquímico español, premio nobel de fisiología o medicina en 1959 "
"1994-11-1","1994","1913","Noah Beery"," Jr., actor estadounidense "
"1998-11-1","1998","1947","César Castellanos Madrid"," político hondureño, alcalde de Tegucigalpa "
"1999-11-1","1999","1954","Walter Payton"," futbolista estadounidense "
"1999-11-1","1999","1931","Héctor Pellegrini"," actor argentino "
"2001-11-1","2001","1909","Juan Bosch"," intelectual, cuentista, ensayista, novelista, historiador y político dominicano, presidente en 1963 "
"2002-11-1","2002","1978","Léster Morgan"," arquero costarricense "
"2006-11-1","2006","1925","William Styron"," escritor estadounidense "
"2006-11-1","2006","1966","Adrienne Shelly"," actriz estadounidense "
"2007-11-1","2007","1915","Paul Tibbets"," piloto de aviación estadounidense, manejó el Enola Gay, que tiró la bomba atómica sobre la población civil de Hiroshima "
"2008-11-1","2008","1922","Yma Sumac"," soprano peruana "
"2009-11-1","2009","1908","Claude Lévi-Strauss"," antropólogo y filósofo francés "
"2009-11-1","2009","1931","Alda Merini"," escritora y poetisa italiana "
"2011-11-1","2011","1929","Jona Senilagakali"," político fiyiano "
"2011-11-1","2011","1927","Sergio Montiel"," político argentino "
"2011-11-1","2011","1911","Fanny Edelman"," política argentina "
"2011-11-1","2011","1920","Héctor Rueda Hernández"," arzobispo colombiano "
"2011-11-1","2011","1929","Mario Núñez Iordi"," músico uruguayo "
"2012-11-1","2012","1984","Mitch Lucker"," cantante estadounidense, de la banda Suicide Silence "
"2012-11-1","2012","1926","Agustín García Calvo"," filólogo y anarquista español "
"2014-11-1","2014","1965","Wayne Static"," músico y cantante, miembro y fundador de la banda Static-X "
"2016-11-1","2016","1950","Pocho La Pantera"," cantante argentino "
"2017-11-1","2017","1947","Ramón Cabrero"," futbolista y entrenador hispano-argentino "
"2017-11-1","2017","1959","Pablo Cedrón"," actor y guionista argentino "
"2020-11-1","2020","1952","Lucy Tovar"," actriz mexicana "
"2020-11-1","2020","-1","Mario Pereyra locutor","El 1 de noviembre de 2020 muere Mario Pereyra locutor, periodista argentino."
"2021-11-1","2021","1921","Aaron T. Beck"," psiquiatra y profesor estadounidense "
"2022-11-1","2022","1994","Takeoff"," rapero, cantante y compositor estadounidense "
"660-12-1","660","588","San Eloy"," santo francés "
"1135-12-1","1135","1068","Enrique I"," rey inglés entre 1100 y 1131 "
"1241-12-1","1241","1214","Isabel de Inglaterra"," esposa británica del emperador Federico II Hohenstaufen "
"1433-12-1","1433","1377","Go-Komatsu"," emperador japonés "
"1521-12-1","1521","1475","León X"," papa florentino entre 1513 y 1521 "
"1530-12-1","1530","1480","Margarita de Austria"," princesa viuda de Asturias y Gerona, duquesa consorte de Saboya y gobernadora de los Países Bajos "
"1581-12-1","1581","1556","Alexander Briant"," sacerdote, mártir y santo británico "
"1581-12-1","1581","1540","Edmund Campion"," sacerdote, mártir y santo británico "
"1581-12-1","1581","1550","Ralph Sherwin"," sacerdote, mártir y santo británico "
"1602-12-1","1602","1582","Kobayakawa Hideaki"," militar japonés "
"1633-12-1","1633","1566","Isabel Clara Eugenia"," aristócrata española "
"1640-12-1","1640","1590","Miguel de Vasconcelos"," político portugués, secretario de Estado de Portugal "
"1660-12-1","1660","1592","Pierre d'Hozier"," genealogista e historiador francés "
"1707-12-1","1707","1674","Jeremiah Clarke"," compositor británico "
"1709-12-1","1709","1644","Abraham a Sancta Clara"," monje austriaco "
"1723-12-1","1723","1667","Susanna Centlivre"," actriz y dramaturga británica "
"1729-12-1","1729","1665","Jacques Philippe Maraldi"," astrónomo francoitaliano "
"1755-12-1","1755","1696","Maurice Greene"," compositor y organista británico "
"1825-12-1","1825","1777","Alejandro I"," zar ruso "
"1830-12-1","1830","1761","Pío VIII"," papa italiano "
"1865-12-1","1865","1796","Abraham Emanuel Fröhlich"," poeta suizo "
"1866-12-1","1866","1790","George Everest"," geógrafo británico "
"1913-12-1","1913","1864","Juhan Liiv"," poeta y escritor estonio "
"1914-12-1","1914","1840","Alfred Thayer Mahan"," capitán e historiador estadounidense "
"1916-12-1","1916","1858","Carlos de Foucauld"," sacerdote y místico francés "
"1928-12-1","1928","1888","José Eustasio Rivera"," poeta y abogado colombiano "
"1934-12-1","1934","1886","Serguéi Kírov"," político bolchevique ruso "
"1935-12-1","1935","1879","Bernhard Schmidt"," astrónomo alemán "
"1943-12-1","1943","1862","Damrong Rajanubhab"," historiador tailandés "
"1947-12-1","1947","1875","Aleister Crowley"," escritor y ocultista británico "
"1947-12-1","1947","1877","Godfrey Harold Hardy"," matemático británico "
"1957-12-1","1957","1890","Gustav F. Hüttig"," químico checo "
"1964-12-1","1964","1892","John Burdon Sanderson Haldane"," genetista indo-británico "
"1968-12-1","1968","1921","Darío Moreno"," cantante y actor turcofrancés "
"1969-12-1","1969","1937","Magic Sam"," guitarrista y cantante estadounidense de blues "
"1972-12-1","1972","1891","Antonio Segni"," político italiano "
"1973-12-1","1973","1886","David Ben-Gurión"," político polaco-israelí, 1.º primer ministro "
"1979-12-1","1979","1897","Eduardo Blanco Amor"," escritor y periodista español "
"1983-12-1","1983","1910","Enrique Diosdado"," actor español "
"1984-12-1","1984","1911","Roelof Frankot"," pintor neerlandés "
"1985-12-1","1985","1909","Agustí Centelles"," fotógrafo español "
"1987-12-1","1987","1924","James Baldwin"," novelista, poeta y crítico estadounidense "
"1987-12-1","1987","1921","Rafael Barón"," escritor español "
"1989-12-1","1989","1931","Alvin Ailey"," bailarín y coreógrafo estadounidense "
"1990-12-1","1990","1913","Aquilino Morcillo Herrera"," periodista español "
"1990-12-1","1990","1900","Vijaya Lakshmi Pandit"," diplomática y política india "
"1991-12-1","1991","1911","George Stigler"," economista estadounidense, premio Nobel de Economía "
"1993-12-1","1993","1959","Ray Gillen"," cantante y compositor estadounidense de rock, de la banda Black Sabbath "
"1993-12-1","1993","1912","Carlos Ollero Gómez"," uno de los padres de la Constitución española "
"1997-12-1","1997","1908","Stéphane Grappelli"," violinista francés "
"1998-12-1","1998","1902","Freddie Young"," director de fotografía británico "
"2002-12-1","2002","1909","José Chávez Morado"," artista plástico mexicano "
"2003-12-1","2003","1928","Eugenio Monti"," esquiador alpino italiano "
"2004-12-1","2004","1911","Bernardo de Lippe-Biesterfeld"," príncipe consorte neerlandés "
"2006-12-1","2006","1948","Claude Jade"," actriz francesa "
"2006-12-1","2006","1937","Bruce Trigger"," arqueólogo canadiense "
"2007-12-1","2007","1981","Zayda Peña"," cantante grupera mexicana "
"2007-12-1","2007","1925","Angelo Conterno"," ciclista italiano "
"2007-12-1","2007","1929","Ken McGregor"," tenista australiano "
"2007-12-1","2007","1933","Anton Rodgers"," actor y director británico "
"2008-12-1","2008","1934","Mikel Laboa"," cantautor vasco "
"2008-12-1","2008","1917","Joseph B. Wirthlin"," líder religioso y empresario estadounidense "
"2009-12-1","2009","1934","Paul Naschy"," actor, guionista y cineasta español "
"2009-12-1","2009","1920","Gustavo Adolfo Palma"," tenor y actor guatemalteco "
"2011-12-1","2011","1939","Shingo Araki"," historietista y animador japonés "
"2011-12-1","2011","1926","Hippolyte Van Den Bosch"," futbolista y entrenador belga "
"2011-12-1","2011","1929","Christa Wolf"," escritora alemana "
"2012-12-1","2012","1925","Onofre Lovero"," actor argentino "
"2013-12-1","2013","1954","Alejandro Urdapilleta"," actor uruguayo "
"2014-12-1","2014","1926","Mario Abramovich"," violinista y compositor argentino "
"2014-12-1","2014","1946","Sita Murt"," diseñadora y empresaria española "
"2015-12-1","2015","1942","Leonardo Franco"," guitarrista argentino, de la banda Los Iracundos "
"2020-12-1","2020","1923","Eduardo Lourenço"," filósofo y escritor portugués "
